priority_score,title,target_keyword,search_intent,word_count_target,internal_linking_suggestions
10.0,Best True Teachings Of Jesus Tips for Beginners in 2026,best true teachings of jesus tips for beginners in 2026,commercial,1200,What Is True Teachings Of Jesus? Everything Beginners Need to Know | Best True Teachings Of Jesus Tips for Beginners
10.0,Is true teachings of jesus Worth It? Honest Pros and Cons,is true teachings of jesus worth it,commercial,1200,What Is True Teachings Of Jesus? Everything Beginners Need to Know | Best True Teachings Of Jesus Tips for Beginners | Is True Teachings Of Jesus Worth It? Honest Pros and Cons
9.5,Best True Teachings Of Jesus Tools and Resources You Need Right Now,best true teachings of jesus tools and resources you need...,commercial,1200,What Is True Teachings Of Jesus? Everything Beginners Need to Know | Best True Teachings Of Jesus Tips for Beginners
9.5,Best True Teachings Of Jesus Plan for Results in 90 Days,best true teachings of jesus plan for results in 90 days,commercial,1200,What Is True Teachings Of Jesus? Everything Beginners Need to Know | Best True Teachings Of Jesus Tips for Beginners
9.5,True Teachings Of Jesus vs. Traditional Methods: Which Actually Works?,true teachings of jesus vs. traditional methods,commercial,1200,What Is True Teachings Of Jesus? Everything Beginners Need to Know | Best True Teachings Of Jesus Tips for Beginners | Is True Teachings Of Jesus Worth It? Honest Pros and Cons
9.5,True Teachings Of Jesus vs. Other Approaches: An Honest Comparison,true teachings of jesus vs. other approaches,commercial,1200,What Is True Teachings Of Jesus? Everything Beginners Need to Know | Best True Teachings Of Jesus Tips for Beginners | Is True Teachings Of Jesus Worth It? Honest Pros and Cons
9.0,How to Choose the Right true teachings of jesus for Your Goals,how to choose the right true teachings of jesus for your ...,commercial,1200,What Is True Teachings Of Jesus? Everything Beginners Need to Know
9.0,How Much Does true teachings of jesus Cost? Full Breakdown,how much does true teachings of jesus cost,commercial,1200,What Is True Teachings Of Jesus? Everything Beginners Need to Know | Best True Teachings Of Jesus Tips for Beginners
9.0,Best Books and Courses on True Teachings Of Jesus Reviewed,best books and courses on true teachings of jesus reviewed,commercial,1200,What Is True Teachings Of Jesus? Everything Beginners Need to Know | Best True Teachings Of Jesus Tips for Beginners
9.0,Best True Teachings Of Jesus Apps to Track Your Progress,best true teachings of jesus apps to track your progress,commercial,1200,What Is True Teachings Of Jesus? Everything Beginners Need to Know | Best True Teachings Of Jesus Tips for Beginners
9.0,Free vs. Paid True Teachings Of Jesus Resources: Which Is Worth It?,free vs. paid true teachings of jesus resources,commercial,1200,What Is True Teachings Of Jesus? Everything Beginners Need to Know | Best True Teachings Of Jesus Tips for Beginners | Is True Teachings Of Jesus Worth It? Honest Pros and Cons
8.5,What Is the Best Way to Start true teachings of jesus?,what is the best way to start true teachings of jesus,commercial,1200,What Is True Teachings Of Jesus? Everything Beginners Need to Know
8.5,How to Do true teachings of jesus on a Budget,how to do true teachings of jesus on a budget,commercial,1200,What Is True Teachings Of Jesus? Everything Beginners Need to Know | Best True Teachings Of Jesus Tips for Beginners
8.5,Why Experts Recommend true teachings of jesus for Long-Term Results,why experts recommend true teachings of jesus for long-te...,commercial,1200,What Is True Teachings Of Jesus? Everything Beginners Need to Know | Best True Teachings Of Jesus Tips for Beginners
8.5,True Teachings Of Jesus Success Stories: Before and After Results,true teachings of jesus success stories,commercial,1200,What Is True Teachings Of Jesus? Everything Beginners Need to Know | Best True Teachings Of Jesus Tips for Beginners | Is True Teachings Of Jesus Worth It? Honest Pros and Cons
7.5,How to Start true teachings of jesus: Step-by-Step for Beginners,how to start true teachings of jesus,informational,1800,What Is True Teachings Of Jesus? Everything Beginners Need to Know
7.5,True Teachings Of Jesus for Beginners: Where to Start When You Know Nothing,true teachings of jesus for beginners,informational,1800,What Is True Teachings Of Jesus? Everything Beginners Need to Know | Best True Teachings Of Jesus Tips for Beginners | Is True Teachings Of Jesus Worth It? Honest Pros and Cons
7.5,The Ultimate True Teachings Of Jesus Checklist for Beginners,true teachings of jesus checklist for beginners,informational,1800,What Is True Teachings Of Jesus? Everything Beginners Need to Know | Best True Teachings Of Jesus Tips for Beginners | Is True Teachings Of Jesus Worth It? Honest Pros and Cons
7.0,What Is True Teachings Of Jesus? Everything Beginners Need to Know,what is true teachings of jesus,informational,1800,What Is True Teachings Of Jesus? Everything Beginners Need to Know
7.0,What Nobody Tells You About true teachings of jesus,what nobody tells you about true teachings of jesus,informational,1800,What Is True Teachings Of Jesus? Everything Beginners Need to Know
7.0,How to Get Results with true teachings of jesus Faster Than You Think,how to get results with true teachings of jesus faster th...,informational,1800,What Is True Teachings Of Jesus? Everything Beginners Need to Know
7.0,How to Avoid the Top 5 True Teachings Of Jesus Mistakes,how to avoid the top 5 true teachings of jesus mistakes,informational,1800,What Is True Teachings Of Jesus? Everything Beginners Need to Know
7.0,Why You're Not Seeing Results with true teachings of jesus,why you're not seeing results with true teachings of jesus,informational,1800,What Is True Teachings Of Jesus? Everything Beginners Need to Know | Best True Teachings Of Jesus Tips for Beginners
7.0,Does true teachings of jesus Work for Everyone? Real-World Results,does true teachings of jesus work for everyone,informational,1800,What Is True Teachings Of Jesus? Everything Beginners Need to Know | Best True Teachings Of Jesus Tips for Beginners | Is True Teachings Of Jesus Worth It? Honest Pros and Cons
7.0,True Teachings Of Jesus for Weight Loss: What the Research Says,true teachings of jesus for weight loss,informational,1800,What Is True Teachings Of Jesus? Everything Beginners Need to Know | Best True Teachings Of Jesus Tips for Beginners | Is True Teachings Of Jesus Worth It? Honest Pros and Cons
7.0,True Teachings Of Jesus for Busy People: A Realistic 15-Minute Routine,true teachings of jesus for busy people,informational,1800,What Is True Teachings Of Jesus? Everything Beginners Need to Know | Best True Teachings Of Jesus Tips for Beginners | Is True Teachings Of Jesus Worth It? Honest Pros and Cons
7.0,True Teachings Of Jesus FAQ: 20 Questions Answered by Experts,true teachings of jesus faq,informational,1800,What Is True Teachings Of Jesus? Everything Beginners Need to Know | Best True Teachings Of Jesus Tips for Beginners | Is True Teachings Of Jesus Worth It? Honest Pros and Cons
6.5,What Are the Benefits of true teachings of jesus?,what are the benefits of true teachings of jesus,informational,1800,What Is True Teachings Of Jesus? Everything Beginners Need to Know
6.5,What Are the Biggest Mistakes People Make with true teachings of jesus?,what are the biggest mistakes people make with true teach...,informational,1800,What Is True Teachings Of Jesus? Everything Beginners Need to Know
6.5,What to Expect in Your First 30 Days of True Teachings Of Jesus,what to expect in your first 30 days of true teachings of...,informational,1800,What Is True Teachings Of Jesus? Everything Beginners Need to Know
6.5,How Long Does true teachings of jesus Take to Work?,how long does true teachings of jesus take to work,informational,1800,What Is True Teachings Of Jesus? Everything Beginners Need to Know
6.5,How to Build a true teachings of jesus Habit That Actually Sticks,how to build a true teachings of jesus habit that actuall...,informational,1800,What Is True Teachings Of Jesus? Everything Beginners Need to Know | Best True Teachings Of Jesus Tips for Beginners
6.5,How to Combine true teachings of jesus with Other Strategies for Better Results,how to combine true teachings of jesus with other strateg...,informational,1800,What Is True Teachings Of Jesus? Everything Beginners Need to Know | Best True Teachings Of Jesus Tips for Beginners
6.5,Why true teachings of jesus Works (And Why Most People Quit Too Soon),why true teachings of jesus works (and why most people qu...,informational,1800,What Is True Teachings Of Jesus? Everything Beginners Need to Know | Best True Teachings Of Jesus Tips for Beginners
6.5,Best Ways to Stay Consistent with true teachings of jesus,best ways to stay consistent with true teachings of jesus,informational,1800,What Is True Teachings Of Jesus? Everything Beginners Need to Know | Best True Teachings Of Jesus Tips for Beginners
6.5,Best Time to Do true teachings of jesus: Morning vs. Evening,best time to do true teachings of jesus,informational,1800,What Is True Teachings Of Jesus? Everything Beginners Need to Know | Best True Teachings Of Jesus Tips for Beginners
6.5,True Teachings Of Jesus for Beginners vs. Advanced: What's the Difference?,true teachings of jesus for beginners vs. advanced,informational,1800,What Is True Teachings Of Jesus? Everything Beginners Need to Know | Best True Teachings Of Jesus Tips for Beginners | Is True Teachings Of Jesus Worth It? Honest Pros and Cons
6.5,Can You Do true teachings of jesus Without [Equipment/Supplements/Experience]?,can you do true teachings of jesus without [equipment/sup...,informational,1800,What Is True Teachings Of Jesus? Everything Beginners Need to Know | Best True Teachings Of Jesus Tips for Beginners | Is True Teachings Of Jesus Worth It? Honest Pros and Cons
6.5,10 Reasons You Should Try true teachings of jesus This Year,10 reasons you should try true teachings of jesus this year,informational,1800,What Is True Teachings Of Jesus? Everything Beginners Need to Know | Best True Teachings Of Jesus Tips for Beginners | Is True Teachings Of Jesus Worth It? Honest Pros and Cons
6.5,True Teachings Of Jesus Myths Debunked: What Science Really Says,true teachings of jesus myths debunked,informational,1800,What Is True Teachings Of Jesus? Everything Beginners Need to Know | Best True Teachings Of Jesus Tips for Beginners | Is True Teachings Of Jesus Worth It? Honest Pros and Cons
6.0,Who Should True Teachings Of Jesus? A Complete Guide,who should true teachings of jesus,informational,1800,What Is True Teachings Of Jesus? Everything Beginners Need to Know
6.0,What Does true teachings of jesus Actually Do? Science Explained,what does true teachings of jesus actually do,informational,1800,What Is True Teachings Of Jesus? Everything Beginners Need to Know
6.0,What Are the Side Effects of true teachings of jesus?,what are the side effects of true teachings of jesus,informational,1800,What Is True Teachings Of Jesus? Everything Beginners Need to Know
6.0,How to Track Your Progress with true teachings of jesus,how to track your progress with true teachings of jesus,informational,1800,What Is True Teachings Of Jesus? Everything Beginners Need to Know | Best True Teachings Of Jesus Tips for Beginners
6.0,Why True Teachings Of Jesus Is More Effective Than You Think,why true teachings of jesus is more effective than you think,informational,1800,What Is True Teachings Of Jesus? Everything Beginners Need to Know | Best True Teachings Of Jesus Tips for Beginners
5.5,Who Benefits Most from true teachings of jesus?,who benefits most from true teachings of jesus,informational,1800,What Is True Teachings Of Jesus? Everything Beginners Need to Know
5.5,Who Needs True Teachings Of Jesus in Their Life?,who needs true teachings of jesus in their life,informational,1800,What Is True Teachings Of Jesus? Everything Beginners Need to Know
5.5,The Complete True Teachings Of Jesus Glossary: Terms You Need to Know,the complete true teachings of jesus glossary,informational,1800,What Is True Teachings Of Jesus? Everything Beginners Need to Know | Best True Teachings Of Jesus Tips for Beginners | Is True Teachings Of Jesus Worth It? Honest Pros and Cons
5.0,Who Created True Teachings Of Jesus and Why Does It Matter?,who created true teachings of jesus and why does it matter,informational,1800,What Is True Teachings Of Jesus? Everything Beginners Need to Know
